topic,date,discussion
主题一,"2017-6-2",11
主题一,"2017-6-3",19
主题一,"2017-6-4",14
主题一,"2017-6-5",10
主题一,"2017-6-6",12
主题一,"2017-6-7",8
主题一,"2017-6-8",4
主题一,"2017-6-9",2
主题二,"2017-6-2",8
主题二,"2017-6-3",17
主题二,"2017-6-4",22
主题二,"2017-6-5",28
主题二,"2017-6-6",23
主题二,"2017-6-7",15
主题二,"2017-6-8",12
主题二,"2017-6-9",13
主题三,"2017-6-2",15
主题三,"2017-6-3",12
主题三,"2017-6-4",16
主题三,"2017-6-5",26
主题三,"2017-6-6",15
主题三,"2017-6-7",5
主题三,"2017-6-8",9
主题三,"2017-6-9",11
主题四,"2017-6-2",30
主题四,"2017-6-3",20
主题四,"2017-6-4",13
主题四,"2017-6-5",16
主题四,"2017-6-6",20
主题四,"2017-6-7",25
主题四,"2017-6-8",21
主题四,"2017-6-9",13