name,score,date,time,quest,suggest,sure,attent,text,topic
总头郭天学,90,2017-8-14,11:33:39,1,0,0,1,方姐不是深夜里去旅行了吗,主题一
贾方方,95,2017-8-14,11:33:50,0,0,1,0,对呀,主题一,
贾方方,95,2017-8-14,11:33:55,0,0,0,0,昨天听的新歌，才听懂，原来是讲的失眠,主题一
郭天学,90,2017-8-14,11:34:22,0,0,0,0,所以听着听着你就失眠了,主题一
郭天学,90,2017-8-14,11:35:10,1,0,0,1,你到底是旅行还是失眠？,主题一
头八十一,81,2017-6-2,11:35:10,1,0,1,1,2017-6-2主题一的文字,主题一
张三,80,2017-6-2,11:35:10,1,0,0,1,2017-6-2主题一的文字,主题一
张三,80,2017-6-2,11:35:10,1,1,0,1,2017-6-2主题一的文字,主题一
张三,80,2017-6-2,11:35:10,1,0,1,1,2017-6-2主题一的文字,主题一
张三,80,2017-6-2,11:35:10,0,0,0,1,2017-6-2主题一的文字,主题一
张三,80,2017-6-2,11:35:10,1,0,0,1,2017-6-2主题一的文字,主题一
张三,80,2017-6-2,11:35:10,1,0,0,0,2017-6-2主题一的文字,主题一
张三,80,2017-6-2,11:35:10,1,0,0,1,2017-6-2主题一的文字,主题一
张三,80,2017-6-2,11:35:10,1,1,0,1,2017-6-2主题一的文字,主题一
张三,80,2017-6-2,11:35:10,1,0,0,1,2017-6-2主题一的文字,主题一
张三,80,2017-6-2,11:35:10,1,0,0,1,2017-6-2主题一的文字,主题一
尾张三,80,2017-6-2,11:35:10,1,0,1,1,2017-6-2主题一的文字,主题一
头李十九,80,2017-6-3,12:35:10,1,0,1,1,2017-6-3主题一的文字,主题一
李十九,80,2017-6-3,12:35:10,1,0,1,1,2017-6-3主题一的文字,主题一
李十九,80,2017-6-3,12:35:10,1,0,1,1,2017-6-3主题一的文字,主题一
李十九,80,2017-6-3,12:35:10,1,0,1,1,2017-6-3主题一的文字,主题一
李十九,80,2017-6-3,12:35:10,1,0,1,1,2017-6-3主题一的文字,主题一
李十九,80,2017-6-3,12:35:10,1,0,1,1,2017-6-3主题一的文字,主题一
李十九,80,2017-6-3,12:35:10,1,0,1,1,2017-6-3主题一的文字,主题一
李十九,80,2017-6-3,12:35:10,1,0,1,1,2017-6-3主题一的文字,主题一
李十九,80,2017-6-3,12:35:10,1,0,1,1,2017-6-3主题一的文字,主题一
李十九,80,2017-6-3,12:35:10,1,0,1,1,2017-6-3主题一的文字,主题一
李十九,80,2017-6-3,12:35:10,1,0,1,1,2017-6-3主题一的文字,主题一
李十九,80,2017-6-3,12:35:10,1,0,1,1,2017-6-3主题一的文字,主题一
李十九,80,2017-6-3,12:35:10,1,0,1,1,2017-6-3主题一的文字,主题一
李十九,80,2017-6-3,12:35:10,1,0,1,1,2017-6-3主题一的文字,主题一
李十九,80,2017-6-3,12:35:10,1,0,1,1,2017-6-3主题一的文字,主题一
李十九,80,2017-6-3,12:35:10,1,0,1,1,2017-6-3主题一的文字,主题一
李十九,80,2017-6-3,12:35:10,1,0,1,1,2017-6-3主题一的文字,主题一
李十九,80,2017-6-3,12:35:10,1,0,1,1,2017-6-3主题一的文字,主题一
李十九,80,2017-6-3,12:35:10,1,0,1,1,2017-6-3主题一的文字,主题一
张十分,10,2017-6-3,12:35:10,1,0,1,1,2017-6-3十分同学的文字,主题一
尾张十分,10,2017-6-3,12:35:10,1,0,1,1,2017-6-3十分同学的文字,主题二